id,query
1,i need a vegetarian meal that’s Mediterranean and can be made in around 30-60 mins
2,plz help me find a vegetarian meal that's moderately tricky to make and fits under 1 hour! 🙏 Mediterranean cuisine would be great
3,need nut-free dish using coconut milk and curry fast! 😋
4,any high protein meal ideas? i have quinoa, black beans, and avocados and want to make something quick and indian-style
5,easy curry with coconut milk and veggies in under 30 mins
6,i need a soy-free, meat-free, egg-free dish that is sophisticated and takes a while to prepare, no specific ingredients in mind, but it should be challenging
7,looking for a fast dish with coconut milk, curry paste and veggies that's dairy free
8,looking for a dish with coconut milk, curry paste and veggies
9,Can you suggest an advanced gluten-free Indian recipe that I can prepare in about 45 minutes?
10,looking for a really complex Indian dish that i can make gluten free within an hour
11,pls help me with a complex gluten-free Indian recipe taking around 45 mins, thx!
12,dessert using chickpeas and cocao
13,pls i need a fast diabetic recipe with everyday ingredients 😅
14,need a simple keto recipe quick! 😋
15,Diabetic recipe that's easy to make and uses pantry staples?
16,Can I get a halal recipe that uses lentils and spinach, specifically a Middle Eastern dish, ready in under 30 mins?
17,plz help me find a meal with chickpeas coconut milk and spinach. i'm flexible on time and willing to put in intermediate effort! thx 🙏
18,i want to cook something dairy free but not indian and would be easy for a beginner like me maybe from common pantry stuff
19,need a yummy vegetarian pasta dish 30-60 mins with moderate effort 🍝 help me out!
20,looking for a vegetarian italian recipe that takes 30-60 minutes to prepare... something not too difficult
21,wat's a diabetic friendly recipe that uses lentils, spinach and tomatoes??? must not be sweet and i’m ready to put in a bit of effort! no rush just want it to be good!
22,need a high-protein south indian breakfast using moong dal or any lentils, stovetop only, nothing too oily
23,looking for a balanced andhra one-pot lunch with rice, dal, and veggies — no fried stuff pls
24,any low-sugar indian dessert with jaggery or dates instead of sugar? no oven/microwave
25,suggest a high-protein indian one-pot snack, maybe paneer or chickpea based, but no deep frying
26,what’s a simple south indian stovetop dinner using dosa batter or idli batter? no heavy masala
27,craving a low-sugar andhra dessert, maybe something with millets, one-pot and no refined sugar
28,need a high-protein andhra lunch, preferably lentil-based and not too spicy
29,looking for a high-fiber indian one-pot lunch with vegetables like spinach, beans, carrot — no white rice if possible
30,suggest a south indian lunch on stove using curd or buttermilk, something light and not oily
31,need a high-protein south indian one-pot dinner, dairy-based is fine but avoid too much ghee or butter
32,need a high-fiber andhra breakfast using ragi or oats, stovetop only, no refined flour
33,suggest a high-protein indian dinner with paneer or tofu, but keep it low oil and no cream
34,looking for a south indian snack using peanuts or chana, quick stovetop recipe, no deep frying
35,any low-sugar andhra dinner with millets and vegetables? avoid white rice and sugar completely
36,need a high-protein one-pot indian lunch with rajma or chole, something simple and not too spicy
37,any idea for a quick vegetarian wrap or roll I can pack for lunch? paneer or rajma based, Indian flavors, no chickpeas
